Company,Location,Skills,Link
INFINITY GROUP,Noida/Greater Noida,"python  ,  css  ,  django  ,  html  ,  bootstrap",https://www.timesjobs.com/job-detail/python-developer-infinity-group-noida-greater-noida-2-to-5-yrs-jobid-efOg3e9X__SLASH__D9zpSvf__PLUS__uAgZw==&source=srp
Sourcedesk Global Private Limited,Kolkata,"html5  ,  storage  ,  python  ,  javascript  ,  django  ,  infrastructure",https://www.timesjobs.com/job-detail/python-developer-sourcedesk-global-private-limited-kolkata-3-to-15-yrs-jobid-A27Uf03p2IJzpSvf__PLUS__uAgZw==&source=srp
Ivan Infotech Pvt. Ltd.,Kolkata,"rest  ,  python  ,  security  ,  debugging",https://www.timesjobs.com/job-detail/python-developer-ivan-infotech-pvt-ltd-kolkata-2-to-5-yrs-jobid-1h6sLaqbaBZzpSvf__PLUS__uAgZw==&source=srp
CONNECTING 2 WORK,Thiruvananthapuram,"python  ,  storage  ,  django  ,  testing tools  ,  debugging",https://www.timesjobs.com/job-detail/python-developer-connecting-2-work-thiruvananthapuram-5-to-10-yrs-jobid-Tebue__SLASH__8iTzVzpSvf__PLUS__uAgZw==&source=srp
glan management consultancy pvt. ltd.,Noida/Greater Noida,"python  ,  rdbms  ,  mysql  ,  cloud computing  ,  docker  ,  sql",https://www.timesjobs.com/job-detail/python-developer-glan-management-consultancy-pvt-ltd-noida-greater-noida-5-to-8-yrs-jobid-2yjhPFea__SLASH__AJzpSvf__PLUS__uAgZw==&source=srp
east india securities ltd.,Kolkata,"python  ,  hadoop  ,  machine learning",https://www.timesjobs.com/job-detail/python-engineer-east-india-securities-ltd-kolkata-2-to-5-yrs-jobid-KEkE19WqPbFzpSvf__PLUS__uAgZw==&source=srp
Wing Global IT Services,Panchkula,"spring boot  ,  python  ,  java  ,  django  ,  jpa  ,  hibernate",https://www.timesjobs.com/job-detail/python-developer-wing-global-it-services-panchkula-2-to-5-yrs-jobid-__PLUS__fePw2G3HHZzpSvf__PLUS__uAgZw==&source=srp
Cybage Software Pvt Ltd,"Gandhinagar,  Hyderabad/Secunderabad,  Pune","python  ,  html5  ,  javascript  ,  nosql  ,  docker  ,  django  ,  software developer  ,  mongodb",https://www.timesjobs.com/job-detail/python-developer-cybage-software-pvt-ltd-gandhinagar-hyderabad-secunderabad-pune-4-to-7-yrs-jobid-GN9SDLPIUuJzpSvf__PLUS__uAgZw==&source=srp
art technology and software india pvt ltd,Cochin/ Kochi/ Ernakulam,"rest  ,  python  ,  database  ,  django  ,  api",https://www.timesjobs.com/job-detail/python-developer-art-technology-and-software-india-pvt-ltd-cochin-kochi-ernakulam-2-to-3-yrs-jobid-M26lxDEd__PLUS__qtzpSvf__PLUS__uAgZw==&source=srp
Root Info Solutions,"Delhi,  Delhi/NCR","python 2  ,   python 3  ,   django  ,   javascript  ,   html  ,   postgresql  /  mysql  ,   rest api  ,   celery rabbitmq  ,   redis.   ,  css  ,  oop",https://www.timesjobs.com/job-detail/python-developer-root-info-solutions-delhi-delhi-ncr-2-to-3-yrs-jobid-fny4oGqOeQZzpSvf__PLUS__uAgZw==&source=srp
CONNECTING 2 WORK,Thiruvananthapuram,"security compliance  ,  python  ,  html5  ,  mobile  ,  javascript  ,  database  ,  django  ,  debugging",https://www.timesjobs.com/job-detail/python-developer-connecting-2-work-thiruvananthapuram-0-to-3-yrs-jobid-fZIps0aRnhxzpSvf__PLUS__uAgZw==&source=srp
DREAMAJAX TECHNOLOGIES,Bengaluru / Bangalore,"python  ,  django  ,  api  ,  sql  ,  nosql",https://www.timesjobs.com/job-detail/python-developer-dreamajax-technologies-bengaluru-bangalore-4-to-7-yrs-jobid-EWIVCDzRLKBzpSvf__PLUS__uAgZw==&source=srp
destiny hr group services,Gurgaon,"fundamentals  ,  python  ,  css  ,  javascript  ,  jquery  ,  database  ,  django  ,  java  ,  json  ,  html",https://www.timesjobs.com/job-detail/python-developer-destiny-hr-group-services-gurgaon-0-to-1-yrs-jobid-ZBPXkQ5iEPBzpSvf__PLUS__uAgZw==&source=srp
zoondia software pvt ltd,"Calicut/ Kozhikode,  Thiruvananthapuram","rest  ,  python  ,  problem solving  ,  sql  ,  django  ,  mysql  ,  mvc  ,  middleware",https://www.timesjobs.com/job-detail/python-developer-zoondia-software-pvt-ltd-calicut-kozhikode-thiruvananthapuram-2-to-4-yrs-jobid-TzDwtM7EOgFzpSvf__PLUS__uAgZw==&source=srp
day1 technologies,Bengaluru / Bangalore,"rest  ,  python  ,  django  ,  git  ,  postgresql  ,  sql  ,  docker",https://www.timesjobs.com/job-detail/python-developer-day1-technologies-bengaluru-bangalore-2-to-3-yrs-jobid-wnkkahyN0x9zpSvf__PLUS__uAgZw==&source=srp
xonier technologies pvt ltd,Noida/Greater Noida,"python  ,  django  ,  testing tools  ,  debugging  ,  storage",https://www.timesjobs.com/job-detail/python-developer-xonier-technologies-pvt-ltd-noida-greater-noida-2-to-5-yrs-jobid-VZ3nXzqL2FNzpSvf__PLUS__uAgZw==&source=srp
CONNECTING 2 WORK,Bengaluru / Bangalore,"python  ,  css  ,  github  ,  hosting  ,  bug fixing  ,  bootstrap  ,  javascript  ,  jquery  ,  django  ,  heroku  ,  json  ,  html  ,  api",https://www.timesjobs.com/job-detail/python-developer-connecting-2-work-bengaluru-bangalore-5-to-8-yrs-jobid-yoyw8FgWyBpzpSvf__PLUS__uAgZw==&source=srp
CONNECTING 2 WORK,Bengaluru / Bangalore,"python  ,  css  ,  github  ,  hosting  ,  bug fixing  ,  bootstrap  ,  javascript  ,  jquery  ,  django  ,  heroku  ,  json  ,  html  ,  api",https://www.timesjobs.com/job-detail/python-developer-connecting-2-work-bengaluru-bangalore-5-to-8-yrs-jobid-T2XjXreG6SBzpSvf__PLUS__uAgZw==&source=srp
CONNECTING 2 WORK,Thiruvananthapuram,"python  ,  css  ,  bug fixing  ,  bootstrap  ,  javascript  ,  jquery  ,  django  ,  debugging  ,  html  ,  api",https://www.timesjobs.com/job-detail/python-developer-connecting-2-work-thiruvananthapuram-5-to-6-yrs-jobid-AhAIvjTFLJtzpSvf__PLUS__uAgZw==&source=srp
CONNECTING 2 WORK,Cochin/ Kochi/ Ernakulam,"python  ,  storage  ,  sql  ,  security  ,  database  ,  django  ,  git  ,  postgresql  ,  oops  ,  debugging  ,  mysql  ,  api",https://www.timesjobs.com/job-detail/python-developer-connecting-2-work-cochin-kochi-ernakulam-2-to-5-yrs-jobid-pqmodk1rDoFzpSvf__PLUS__uAgZw==&source=srp
PNR Software Solutions Private Limited,Hyderabad/Secunderabad,"python  ,  github  ,  telecom bss  ,  django  ,  devops  ,  linux  ,  debugging  ,  telecom  ,  api  ,  unix",https://www.timesjobs.com/job-detail/python-developer-pnr-software-solutions-private-limited-hyderabad-secunderabad-3-to-6-yrs-jobid-Pv1kIt021i5zpSvf__PLUS__uAgZw==&source=srp
InnOvator Web Solutions Pvt.Ltd.,Mumbai,"rest  ,  python  ,  django  ,  web developer  ,  mysql  ,  api",https://www.timesjobs.com/job-detail/python-developer-innovator-web-solutions-pvt-ltd-mumbai-5-to-8-yrs-jobid-OO__SLASH__Qb2Q7MfpzpSvf__PLUS__uAgZw==&source=srp
pearl global solutions,Cochin/ Kochi/ Ernakulam,"python  ,  database  ,  django  ,  team player  ,  sql",https://www.timesjobs.com/job-detail/python-developer-pearl-global-solutions-cochin-kochi-ernakulam-4-to-7-yrs-jobid-dZD__SLASH__NDlCjpVzpSvf__PLUS__uAgZw==&source=srp
AxisTechnolabs,Ahmedabad,"python  ,  django  ,  it skills  ,  html5  ,  api  ,  jquery",https://www.timesjobs.com/job-detail/python-odoo-axistechnolabs-ahmedabad-0-to-1-yrs-jobid-HzL8naalyxFzpSvf__PLUS__uAgZw==&source=srp
wibits web solutions llp,Washington DC,"python  ,  css  ,  javascript  ,  database  ,  django  ,  git  ,  postgresql  ,  web development  ,  html  ,  mysql",https://www.timesjobs.com/job-detail/python-developer-wibits-web-solutions-llp-washington-dc-0-to-3-yrs-jobid-sg06ePo5pGNzpSvf__PLUS__uAgZw==&source=srp
